{"cameraMode":{"drawMode":0,"name":"Shaded","section":"Shading Mode"},"sceneLighting":true,"audioPlay":false,"sceneViewState":{"m_AlwaysRefresh":false,"showFog":true,"showSkybox":true,"showFlares":true,"showImageEffects":true,"showParticleSystems":true,"showVisualEffectGraphs":true,"m_FxEnabled":true},"in2DMode":false,"pivot":{"x":5.207128047943115,"y":6.710371017456055,"z":3.1989974975585939},"rotation":{"x":-0.2510930299758911,"y":0.0020301765762269499,"z":-0.0005266941734589636,"w":-0.9679613709449768},"size":12.147088050842286,"orthographic":false}